{
	"format_version": "1.8.0",
	"animations": {
		"idle": {
			"loop": true,
			"animation_length": 2.2083,
			"bones": {
				"ears": {
					"rotation": {
						"0.0": {
							"vector": [0, 0, 0]
						},
						"1.3333": {
							"vector": [17.5, 0, 0]
						},
						"2.2083": {
							"vector": [0, 0, 0]
						}
					}
				},
				"head": {
					"rotation": {
						"0.0": {
							"vector": [0, 0, 0]
						},
						"1.0833": {
							"vector": [10, 0, 0]
						},
						"2.2083": {
							"vector": [0, 0, 0]
						}
					}
				},
				"body": {
					"rotation": {
						"0.0": {
							"vector": [0, 0, 0]
						},
						"1.0": {
							"vector": [7.5, 0, 0]
						},
						"2.2083": {
							"vector": [0, 0, 0]
						}
					}
				}
			}
		},
		"attack": {
			"animation_length": 0.625,
			"bones": {
				"head": {
					"rotation": {
						"0.0": {
							"vector": [0, 0, 0]
						},
						"0.25": {
							"vector": [52.54628, -27.03402, -30.68206]
						},
						"0.375": {
							"vector": [42.75145, -5.03654, -7.03293]
						},
						"0.625": {
							"vector": [0, 0, 0]
						}
					}
				},
				"body": {
					"rotation": {
						"0.0": {
							"vector": [0, 0, 0]
						},
						"0.25": {
							"vector": [-55.84542, 60.14998, -83.02607]
						},
						"0.375": {
							"vector": [56.45182, -10.61098, -10.47944]
						},
						"0.625": {
							"vector": [0, 0, 0]
						}
					}
				},
				"Right_arm": {
					"rotation": {
						"0.0": {
							"vector": [0, 0, 0]
						},
						"0.25": {
							"vector": [-37.91415, 19.42251, 50.75533]
						},
						"0.625": {
							"vector": [0, 0, 0]
						}
					}
				},
				"neck": {
					"rotation": {
						"0.0": {
							"vector": [0, 0, 0]
						},
						"0.25": {
							"vector": [-15.91527, -19.291, 5.38152]
						},
						"0.375": {
							"vector": [-15.34721, 12.06754, -3.28396]
						},
						"0.625": {
							"vector": [0, 0, 0]
						}
					}
				},
				"Left_arm": {
					"rotation": {
						"0.0": {
							"vector": [0, 0, 0]
						},
						"0.25": {
							"vector": [0.04963, -27.03319, -70.25262]
						},
						"0.375": {
							"vector": [-57.65998, 38.28644, -7.69741]
						},
						"0.625": {
							"vector": [0, 0, 0]
						}
					}
				}
			}
		},
		"walk": {
			"loop": true,
			"animation_length": 0.75,
			"bones": {
				"head": {
					"rotation": {
						"0.0": {
							"vector": [0, 0, 0]
						},
						"0.2917": {
							"vector": [12.5, 0, 0]
						},
						"0.5417": {
							"vector": [-30, 0, 0]
						},
						"0.75": {
							"vector": [0, 0, 0]
						}
					}
				},
				"body": {
					"rotation": {
						"0.0": {
							"vector": [0, 0, 0]
						},
						"0.2917": {
							"vector": [7.5, 0, 0]
						},
						"0.5417": {
							"vector": [12.5, 0, 0]
						},
						"0.75": {
							"vector": [0, 0, 0]
						}
					}
				},
				"sprunki": {
					"rotation": {
						"0.0": {
							"vector": [0, 0, 0]
						},
						"0.2917": {
							"vector": [-12.5, 0, 0]
						},
						"0.5417": {
							"vector": [0, 0, 0]
						},
						"0.75": {
							"vector": [0, 0, 0]
						}
					},
					"position": {
						"0.0": {
							"vector": [0, 0, 0]
						},
						"0.2917": {
							"vector": [0, 3, -4]
						},
						"0.5417": {
							"vector": [0, 0, -7]
						},
						"0.75": {
							"vector": [0, 0, 0]
						}
					}
				},
				"Right_arm": {
					"rotation": {
						"0.0": {
							"vector": [0, 0, 0]
						},
						"0.4167": {
							"vector": [0, 17.5, 0]
						},
						"0.75": {
							"vector": [0, 0, 0]
						}
					}
				},
				"neck": {
					"rotation": {
						"0.0": {
							"vector": [0, 0, 0]
						},
						"0.5417": {
							"vector": [17.5, 0, -2.5]
						},
						"0.75": {
							"vector": [0, 0, 0]
						}
					}
				},
				"Left_arm": {
					"rotation": {
						"0.0": {
							"vector": [0, 0, 0]
						},
						"0.5833": {
							"vector": [0, 0, 35]
						},
						"0.75": {
							"vector": [0, 0, 0]
						}
					}
				}
			}
		}
	},
	"geckolib_format_version": 2
}